--멤버 테이블 샘플 데이터
INSERT INTO MEMBER(MEMBER_ID,MEMBER_NAME,MEMBER_PASSWORD,MEMBER_PHONE,MEMBER_LOCATION,MEMBER_CURRENT_POINT,MEMBER_TOTAL_POINT,MEMBER_CREW_NUM,MEMBER_CREW_JOIN_DATE) 
VALUES('coma@naver.com','코마_샘플1','1234','010-0000-0000','서울특별시',1000,3000,1,'2024-09-15');
INSERT INTO MEMBER(MEMBER_ID,MEMBER_NAME,MEMBER_PASSWORD,MEMBER_PHONE,MEMBER_LOCATION,MEMBER_CURRENT_POINT,MEMBER_TOTAL_POINT,MEMBER_CREW_NUM,MEMBER_CREW_JOIN_DATE) 
VALUES('coma1@naver.com','코마_샘플2','1234','010-0000-0000','서울특별시',1000,4000,1,'2024-09-15');
INSERT INTO MEMBER(MEMBER_ID,MEMBER_NAME,MEMBER_PASSWORD,MEMBER_PHONE,MEMBER_LOCATION,MEMBER_CURRENT_POINT,MEMBER_TOTAL_POINT,MEMBER_CREW_NUM,MEMBER_CREW_JOIN_DATE) 
VALUES('coma2@naver.com','코마_샘플3','1234','010-0000-0000','서울특별시',500,2000,1,'2024-09-15');
INSERT INTO MEMBER(MEMBER_ID,MEMBER_NAME,MEMBER_PASSWORD,MEMBER_PHONE,MEMBER_LOCATION,MEMBER_CURRENT_POINT,MEMBER_TOTAL_POINT,MEMBER_CREW_NUM,MEMBER_CREW_JOIN_DATE) 
VALUES('coma3@naver.com','코마_샘플4','1234','010-0000-0000','서울특별시',4000,7000,1,'2024-09-15');
INSERT INTO MEMBER(MEMBER_ID,MEMBER_NAME,MEMBER_PASSWORD,MEMBER_PHONE,MEMBER_LOCATION,MEMBER_CURRENT_POINT,MEMBER_TOTAL_POINT,MEMBER_CREW_NUM,MEMBER_CREW_JOIN_DATE) 
VALUES('coma4@naver.com','코마_샘플5','1234','010-0000-0000','서울특별시',2000,5000,2,'2024-09-15');
INSERT INTO MEMBER(MEMBER_ID,MEMBER_NAME,MEMBER_PASSWORD,MEMBER_PHONE,MEMBER_LOCATION,MEMBER_CURRENT_POINT,MEMBER_TOTAL_POINT,MEMBER_CREW_NUM,MEMBER_CREW_JOIN_DATE) 
VALUES('coma5@naver.com','코마_샘플6','1234','010-0000-0000','서울특별시',5000,8000,2,'2024-09-15');
INSERT INTO MEMBER(MEMBER_ID,MEMBER_NAME,MEMBER_PASSWORD,MEMBER_PHONE,MEMBER_LOCATION,MEMBER_CURRENT_POINT,MEMBER_TOTAL_POINT,MEMBER_CREW_NUM,MEMBER_CREW_JOIN_DATE) 
VALUES('coma6@naver.com','코마_샘플7','1234','010-0000-0000','서울특별시',10000,14000,3,'2024-09-15');
INSERT INTO MEMBER(MEMBER_ID,MEMBER_NAME,MEMBER_PASSWORD,MEMBER_PHONE,MEMBER_LOCATION,MEMBER_CURRENT_POINT,MEMBER_TOTAL_POINT,MEMBER_CREW_NUM,MEMBER_CREW_JOIN_DATE) 
VALUES('coma7@naver.com','코마_샘플8','1234','010-0000-0000','서울특별시',100,100,3,'2024-09-15');

INSERT INTO MEMBER(MEMBER_ID,MEMBER_NAME,MEMBER_PASSWORD,MEMBER_PHONE,MEMBER_LOCATION,MEMBER_CURRENT_POINT,MEMBER_TOTAL_POINT,MEMBER_CREW_NUM,MEMBER_CREW_JOIN_DATE) 
VALUES('coma8@naver.com','코마_샘플9','1234','010-0000-0000','서울특별시',5000,8000,4,'2024-09-15');
INSERT INTO MEMBER(MEMBER_ID,MEMBER_NAME,MEMBER_PASSWORD,MEMBER_PHONE,MEMBER_LOCATION,MEMBER_CURRENT_POINT,MEMBER_TOTAL_POINT,MEMBER_CREW_NUM,MEMBER_CREW_JOIN_DATE) 
VALUES('coma9@naver.com','코마_샘플10','1234','010-0000-0000','서울특별시',10000,14000,4,'2024-09-15');
INSERT INTO MEMBER(MEMBER_ID,MEMBER_NAME,MEMBER_PASSWORD,MEMBER_PHONE,MEMBER_LOCATION,MEMBER_CURRENT_POINT,MEMBER_TOTAL_POINT,MEMBER_CREW_NUM,MEMBER_CREW_JOIN_DATE) 
VALUES('coma10@naver.com','코마_샘플11','1234','010-0000-0000','서울특별시',100,100,5,'2024-09-15');
INSERT INTO MEMBER(MEMBER_ID,MEMBER_NAME,MEMBER_PASSWORD,MEMBER_PHONE,MEMBER_LOCATION,MEMBER_CURRENT_POINT,MEMBER_TOTAL_POINT,MEMBER_CREW_NUM,MEMBER_CREW_JOIN_DATE) 
VALUES('coma11@naver.com','코마_샘플12','1234','010-0000-0000','서울특별시',5000,8000,6,'2024-09-15');
INSERT INTO MEMBER(MEMBER_ID,MEMBER_NAME,MEMBER_PASSWORD,MEMBER_PHONE,MEMBER_LOCATION,MEMBER_CURRENT_POINT,MEMBER_TOTAL_POINT,MEMBER_CREW_NUM,MEMBER_CREW_JOIN_DATE) 
VALUES('coma12@naver.com','코마_샘플13','1234','010-0000-0000','서울특별시',10000,14000,7,'2024-09-15');
INSERT INTO MEMBER(MEMBER_ID,MEMBER_NAME,MEMBER_PASSWORD,MEMBER_PHONE,MEMBER_LOCATION,MEMBER_CURRENT_POINT,MEMBER_TOTAL_POINT,MEMBER_CREW_NUM,MEMBER_CREW_JOIN_DATE) 
VALUES('coma13@naver.com','코마_샘플14','1234','010-0000-0000','서울특별시',100,100,7,'2024-09-15');


SELECT
				BATTLE_RECORD_NUM,
				BATTLE_RECORD_CREW_NUM
			FROM
				BATTLE_RECORD
			WHERE
				BATTLE_RECORD_CREW_NUM = 1
				
				
SELECT
	BATTLE_NUM
	BATTLE_GYM_NUM,
	BATTLE_GAME_DATE
	FROM
		BATTLE B
	JOIN
		BATTLE_RECORD BR
	ON
		BR.BATTLE_RECORD_NUM = B.BATTLE_NUM
	WHERE
	BR.BATTLE_RECORD_CREW_NUM = 1 and
	(BATTLE_GAME_DATE > (SELECT SYSDATE FROM DUAL) OR
	BATTLE_GAME_DATE IS NULL)

--크루 테이블 샘플 데이터
INSERT INTO CREW(CREW_NUM, CREW_NAME, CREW_MAX_MEMBER_SIZE, CREW_LEADER, CREW_PROFILE) 
VALUES (1,'샘플크루1', 10, 'coma@naver.com', 'sample.jpg');
INSERT INTO CREW(CREW_NUM, CREW_NAME, CREW_MAX_MEMBER_SIZE, CREW_LEADER, CREW_PROFILE) 
VALUES (2,'샘플크루2', 10, 'coma4@naver.com', 'sample.jpg');
INSERT INTO CREW(CREW_NUM, CREW_NAME, CREW_MAX_MEMBER_SIZE, CREW_LEADER, CREW_PROFILE) 
VALUES (3,'샘플크루3', 10, 'coma6@naver.com', 'sample.jpg');

INSERT INTO CREW(CREW_NUM, CREW_NAME, CREW_MAX_MEMBER_SIZE, CREW_LEADER, CREW_PROFILE) 
VALUES (4,'샘플크루4', 10, 'coma8@naver.com', 'sample.jpg');
INSERT INTO CREW(CREW_NUM, CREW_NAME, CREW_MAX_MEMBER_SIZE, CREW_LEADER, CREW_PROFILE) 
VALUES (5,'샘플크루5', 10, 'coma10@naver.com', 'sample.jpg');
INSERT INTO CREW(CREW_NUM, CREW_NAME, CREW_MAX_MEMBER_SIZE, CREW_LEADER, CREW_PROFILE) 
VALUES (6,'샘플크루6', 10, 'coma11@naver.com', 'sample.jpg');
INSERT INTO CREW(CREW_NUM, CREW_NAME, CREW_MAX_MEMBER_SIZE, CREW_LEADER, CREW_PROFILE) 
VALUES (7,'샘플크루7', 10, 'coma12@naver.com', 'sample.jpg');


--등급 테이블 샘플 데이터
INSERT INTO GRADE(GRADE_NUM,GRADE_PROFILE,GRADE_NAME,GRADE_MIN_POINT,GRADE_MAX_POINT)
VALUES((SELECT NVL(MAX(GRADE_NUM),0)+1 FROM GRADE),'bedge1.png','sample name1',0,1000);
INSERT INTO GRADE(GRADE_NUM,GRADE_PROFILE,GRADE_NAME,GRADE_MIN_POINT,GRADE_MAX_POINT)
VALUES((SELECT NVL(MAX(GRADE_NUM),0)+1 FROM GRADE),'bedge2.png','sample name2',1001,2000);
INSERT INTO GRADE(GRADE_NUM,GRADE_PROFILE,GRADE_NAME,GRADE_MIN_POINT,GRADE_MAX_POINT)
VALUES((SELECT NVL(MAX(GRADE_NUM),0)+1 FROM GRADE),'bedge3.png','sample name3',2001,3000);
INSERT INTO GRADE(GRADE_NUM,GRADE_PROFILE,GRADE_NAME,GRADE_MIN_POINT,GRADE_MAX_POINT)
VALUES((SELECT NVL(MAX(GRADE_NUM),0)+1 FROM GRADE),'bedge4.png','sample name4',3001,4000);
INSERT INTO GRADE(GRADE_NUM,GRADE_PROFILE,GRADE_NAME,GRADE_MIN_POINT,GRADE_MAX_POINT)
VALUES((SELECT NVL(MAX(GRADE_NUM),0)+1 FROM GRADE),'bedge5.png','sample name5',4001,5000);
INSERT INTO GRADE(GRADE_NUM,GRADE_PROFILE,GRADE_NAME,GRADE_MIN_POINT,GRADE_MAX_POINT)
VALUES((SELECT NVL(MAX(GRADE_NUM),0)+1 FROM GRADE),'bedge6.png','sample name6',5001,6000);
INSERT INTO GRADE(GRADE_NUM,GRADE_PROFILE,GRADE_NAME,GRADE_MIN_POINT,GRADE_MAX_POINT)
VALUES((SELECT NVL(MAX(GRADE_NUM),0)+1 FROM GRADE),'bedge7.png','sample name7',6001,7000);
INSERT INTO GRADE(GRADE_NUM,GRADE_PROFILE,GRADE_NAME,GRADE_MIN_POINT,GRADE_MAX_POINT)
VALUES((SELECT NVL(MAX(GRADE_NUM),0)+1 FROM GRADE),'bedge8.png','sample name8',7001,8000);
INSERT INTO GRADE(GRADE_NUM,GRADE_PROFILE,GRADE_NAME,GRADE_MIN_POINT,GRADE_MAX_POINT)
VALUES((SELECT NVL(MAX(GRADE_NUM),0)+1 FROM GRADE),'bedge9.png','sample name9',8001,9000);


--크루전 테이블 샘플 데이터
INSERT INTO BATTLE(BATTLE_NUM,BATTLE_GYM_NUM,BATTLE_REGISTRATION_DATE,BATTLE_GAME_DATE)
VALUES ((SELECT NVL(MAX(BATTLE_NUM),0)+1 FROM BATTLE),1,'2024-09-07','2024-09-21');
INSERT INTO BATTLE(BATTLE_NUM,BATTLE_GYM_NUM,BATTLE_REGISTRATION_DATE)
VALUES ((SELECT NVL(MAX(BATTLE_NUM),0)+1 FROM BATTLE),2,'2024-09-07');
INSERT INTO BATTLE(BATTLE_NUM,BATTLE_GYM_NUM,BATTLE_REGISTRATION_DATE,BATTLE_GAME_DATE)
VALUES ((SELECT NVL(MAX(BATTLE_NUM),0)+1 FROM BATTLE),3,'2024-09-07','2024-09-27');
INSERT INTO BATTLE(BATTLE_NUM,BATTLE_GYM_NUM,BATTLE_REGISTRATION_DATE,BATTLE_GAME_DATE)
VALUES ((SELECT NVL(MAX(BATTLE_NUM),0)+1 FROM BATTLE),4,'2024-09-07','2024-09-21');
INSERT INTO BATTLE(BATTLE_NUM,BATTLE_GYM_NUM,BATTLE_REGISTRATION_DATE)
VALUES ((SELECT NVL(MAX(BATTLE_NUM),0)+1 FROM BATTLE),5,'2024-09-07');
INSERT INTO BATTLE(BATTLE_NUM,BATTLE_GYM_NUM,BATTLE_REGISTRATION_DATE,BATTLE_GAME_DATE)
VALUES ((SELECT NVL(MAX(BATTLE_NUM),0)+1 FROM BATTLE),6,'2024-09-07','2024-10-05');


--크루전 승패 여부 샘플 데이터
INSERT INTO BATTLE_RECORD(BATTLE_RECORD_NUM,BATTLE_RECORD_BATTLE_NUM,BATTLE_RECORD_CREW_NUM,BATTLE_RECORD_IS_WINNER,BATTLE_RECORD_MVP_ID)
VALUES ((SELECT NVL(MAX(BATTLE_RECORD_NUM),0)+1 FROM BATTLE_RECORD),4,1,'T','coma4@naver.com');
INSERT INTO BATTLE_RECORD(BATTLE_RECORD_NUM,BATTLE_RECORD_BATTLE_NUM,BATTLE_RECORD_CREW_NUM,BATTLE_RECORD_IS_WINNER,BATTLE_RECORD_MVP_ID)
VALUES ((SELECT NVL(MAX(BATTLE_RECORD_NUM),0)+1 FROM BATTLE_RECORD),4,2,'F','coma4@naver.com');
INSERT INTO BATTLE_RECORD(BATTLE_RECORD_NUM,BATTLE_RECORD_BATTLE_NUM,BATTLE_RECORD_CREW_NUM,BATTLE_RECORD_IS_WINNER,BATTLE_RECORD_MVP_ID)
VALUES ((SELECT NVL(MAX(BATTLE_RECORD_NUM),0)+1 FROM BATTLE_RECORD),4,3,'F','coma4@naver.com');

INSERT INTO BATTLE_RECORD(BATTLE_RECORD_NUM,BATTLE_RECORD_BATTLE_NUM,BATTLE_RECORD_CREW_NUM,BATTLE_RECORD_IS_WINNER,BATTLE_RECORD_MVP_ID)
VALUES ((SELECT NVL(MAX(BATTLE_RECORD_NUM),0)+1 FROM BATTLE_RECORD),1,1,'F','coma@naver.com');
INSERT INTO BATTLE_RECORD(BATTLE_RECORD_NUM,BATTLE_RECORD_BATTLE_NUM,BATTLE_RECORD_CREW_NUM,BATTLE_RECORD_IS_WINNER,BATTLE_RECORD_MVP_ID)
VALUES ((SELECT NVL(MAX(BATTLE_RECORD_NUM),0)+1 FROM BATTLE_RECORD),1,2,'F','coma@naver.com');
INSERT INTO BATTLE_RECORD(BATTLE_RECORD_NUM,BATTLE_RECORD_BATTLE_NUM,BATTLE_RECORD_CREW_NUM,BATTLE_RECORD_IS_WINNER,BATTLE_RECORD_MVP_ID)
VALUES ((SELECT NVL(MAX(BATTLE_RECORD_NUM),0)+1 FROM BATTLE_RECORD),1,3,'T','coma@naver.com');

INSERT INTO BATTLE_RECORD(BATTLE_RECORD_NUM,BATTLE_RECORD_BATTLE_NUM,BATTLE_RECORD_CREW_NUM)
VALUES ((SELECT NVL(MAX(BATTLE_RECORD_NUM),0)+1 FROM BATTLE_RECORD),2,1);
INSERT INTO BATTLE_RECORD(BATTLE_RECORD_NUM,BATTLE_RECORD_BATTLE_NUM,BATTLE_RECORD_CREW_NUM)
VALUES ((SELECT NVL(MAX(BATTLE_RECORD_NUM),0)+1 FROM BATTLE_RECORD),2,2);
INSERT INTO BATTLE_RECORD(BATTLE_RECORD_NUM,BATTLE_RECORD_BATTLE_NUM,BATTLE_RECORD_CREW_NUM)
VALUES ((SELECT NVL(MAX(BATTLE_RECORD_NUM),0)+1 FROM BATTLE_RECORD),2,3);